#,DATE,CURRENCY,STATUS,AMOUNT,FEES,DESCRIPTION,TRANSACTION ID,NOTE
13574777,05-02-20 22:09:32,ETH,COMPLETED,-85.18371026,-0.0053505,0x13E0f427d9A082ee52a6c13EF5976a9ad46dc971,0x6d241c0bafb5cba6f82c97e4235a0a601b131b95cd42f58c07d89b29fd2f7638,
13558808,02-02-20 20:43:05,ETH,COMPLETED,-9.99865,-0.00135,0xD065F749EACF07d9d36D8Bf385Ee2077e4a2bAEd,0xe18f02b236e1e693a3f18de76c080c889761a0126e2e5add90c0423678f7b83e,
13548590,30-01-20 22:59:42,BTC,COMPLETED,-0.9996,-0.0004,32xkZHkrP4iNrwKqw8cy6Wiu33au8vrpH1,0a029381b6c8391503ca75e332ea216c97c3dc2e1a43833a84deae9b4e6b8414,
13492774,16-01-20 12:32:33,BTC,COMPLETED,1.25,0,1FaD3fP6DNWxbafvyPkxnSauP9Xyw3eB39,6b2d529fffebb09d253a3d8a853bc97cf24a00598f7c9971df1214c1fe8533ee,
13407187,23-12-19 15:22:40,BTC,COMPLETED,-2.9996,-0.0004,3JdJi43tw486fmxTVvbkTjML6fFscbmeM3,080a3564fd4bd50ef44430beeca7c9bc3df858c7ea96b1ebeddac8340165c185,
13406389,23-12-19 10:53:25,BTC,COMPLETED,3,0,1FaD3fP6DNWxbafvyPkxnSauP9Xyw3eB39,ca9f9d3e1133b3c9624da253c2bdfad68f15023a73a25a33ca2b999c46a8a862,
13406531,23-12-19 10:36:10,BTC,COMPLETED,3,0,1FaD3fP6DNWxbafvyPkxnSauP9Xyw3eB39,97fdd20ea21d6f6099abf18326793d323044538ddb65c81188ae87db41570c84,
13392055,18-12-19 20:09:07,BTC,COMPLETED,-2.36584967,-0.0004,3K2fTjffEVMTcu3bJ7iAW9Z1APVa22rJ6K,7e6d1e38a7a10f2312e5983ebcdbff418ab64ae34f5b715e0b8b2099be13e488,
13392060,18-12-19 20:06:05,ETH,COMPLETED,-185.59064686,-0.00135,0x13E0f427d9A082ee52a6c13EF5976a9ad46dc971,0x4b608d3d717509e62caf43889471ac00eae30b5b86b6e27c308601058bb85136,
13390224,18-12-19 12:39:51,BTC,COMPLETED,2,0,1FaD3fP6DNWxbafvyPkxnSauP9Xyw3eB39,164017ef144a12580cbb5a0c770043fa00f7158d33109e6e6a2d20c2fbade1f7,
13390275,18-12-19 12:33:51,ETH,COMPLETED,49.48526017,0,0xac7de85b614656f76e87287de072f95aedb7bbc1,0xbb73d8ebb59ac89dd518950b83e42b1bc2c9ad83901a292111d5e8cf2356f325,
13390234,18-12-19 12:17:21,ETH,COMPLETED,0.1,-0.00135,0xac7de85b614656f76e87287de072f95aedb7bbc1,0x74e5677f08359eaaa67aea9f70646f1e079a5101a5ba86b0dc804491c92d5b1b,
13381008,16-12-19 12:29:21,ETH,COMPLETED,200,0,0xac7de85b614656f76e87287de072f95aedb7bbc1,0x3d342b6440aa35d110c985df3a396b2a28d19970c233700303a4f59ef55ec25d,
13184284,17-10-19 13:48:16,ETH,COMPLETED,-131.58973424,-0.00135,0x2fcdEf09932B7087e9470934C55B69eD3B13a041,0x644fb67daebeeb128022e670fe2a6cbfface422143fdd8e2db82dc2cdf3eb9b2,
13184094,17-10-19 12:52:46,ETH,COMPLETED,-159.99865,-0.00135,0xD065F749EACF07d9d36D8Bf385Ee2077e4a2bAEd,0xf6cd07373fec05bab7753243139942ea9c1da7bd30d6417a45100e573e91beca,
13184057,17-10-19 12:01:46,ETH,CANCELED,-154.99865,-0.00135,0xD065F749EACF07d9d36D8Bf385Ee2077e4a2bAEd,,
13184066,17-10-19 11:57:44,ETH,CANCELED,-136.69182787,-0.00135,0x2fcdEf09932B7087e9470934C55B69eD3B13a041,,
13105971,24-09-19 19:14:09,ETH,COMPLETED,250,0,0xac7de85b614656f76e87287de072f95aedb7bbc1,0x69bce16ee3b3e51b07bd663d497c21ca3a95e24890fc66a51ef888fa14bc06f4,
13088204,19-09-19 15:49:18,ETH,COMPLETED,-297.98581232,-0.0016965,0x2fcdEf09932B7087e9470934C55B69eD3B13a041,0xa8fc09914a1f83b1dee8bf936d9b6c84f4378e0c622838dcff98bdb330889154,
13081097,18-09-19 11:21:17,ETH,CANCELED,-297.98615882,-0.00135,0x2fcdEf09932B7087e9470934C55B69eD3B13a041,,
13045848,07-09-19 10:25:20,ETH,COMPLETED,-266.99865,-0.00135,0x2fcdEf09932B7087e9470934C55B69eD3B13a041,0x0fca48f4493dddb99d6df7ef7e8805568d04f763445bb5fa942455887b1adc3a,
12843284,18-07-19 09:17:24,BTC,COMPLETED,10,0,1FaD3fP6DNWxbafvyPkxnSauP9Xyw3eB39,6ac9821e5009e14831d8a3417996a6745a1c351c7363ac257e06e8feb1e1aa10,
12354387,30-04-19 15:26:36,ETH,COMPLETED,-839.64694778,-0.00135,0x2fcdEf09932B7087e9470934C55B69eD3B13a041,0x9315e3a5b123ff68a5c760d8e54f95b97132ff034d940c6efb8c31cf4cbbfb58,
12343999,29-04-19 05:06:19,ETH,COMPLETED,-182.93066501,-0.00135,0x2fcdEf09932B7087e9470934C55B69eD3B13a041,0x5c2e749af06b192c362d5517436f90ff9bf5fa1e74beff79aeb6e292134832ff,
12319822,26-04-19 07:06:29,ETH,COMPLETED,-188.65845002,-0.00135,0x2fcdEf09932B7087e9470934C55B69eD3B13a041,0x14864b2e36a5f621312b5f0410b053080b691b6a159caf8766bd9da4cd8a4f3d,
12193373,04-04-19 00:43:34,ETH,COMPLETED,560,0,0x1e26613d10badb7cd05691f09e9b3614565a5939,0x46fb82040106441f9f999ca3880f50290bdb82c3b0e84a1876c5ddac5411aafa,
12127416,22-03-19 19:34:56,ZRX,COMPLETED,100000,0,0x1e26613d10badb7cd05691f09e9b3614565a5939,0x47b73918d72415d6de36d230e11e4b6b1ca3e32743867b2fc1811a2f77c800e3,
12041072,04-03-19 15:12:16,ETH,COMPLETED,-389.09084641,-0.00135,0x2fcdEf09932B7087e9470934C55B69eD3B13a041,0x54ea2febe841c8546cde9d8616fcb3b4c19815ffc56317122a428f7f905ef2d1,
11905663,04-02-19 18:00:21,ZRX,COMPLETED,-99919.62264233,-0.53856,0x2fcdEf09932B7087e9470934C55B69eD3B13a041,0x61609c9113b2a20fba68f89d1261b864cc393744c678ce4b9dd9b2d115b786d4,
11896506,02-02-19 09:16:07,ETH,COMPLETED,500,0,0xac7de85b614656f76e87287de072f95aedb7bbc1,0xbdfc42a67eafcf2b65bfd85865152c109072be62307401f0e50e3568f3fb36d2,
11883504,30-01-19 14:10:06,ETH,COMPLETED,-599.99865,-0.00135,0x2fcdEf09932B7087e9470934C55B69eD3B13a041,0x11388268627cfc666e4c65a293f44fb79b28f7c9d09433592861402381a9edea,
11372944,08-11-18 01:16:46,ETH,COMPLETED,-199.9982,-0.0018,0x053F61455b7147C260Ecc591D733c5A9D2269Bd4,0x7b74a7289ce8d8df053b09c11f0447c7dfb47ab765f342be18af19483acb7b1b,
11320150,29-10-18 18:05:04,ZRX,COMPLETED,100000,0,0xac7de85b614656f76e87287de072f95aedb7bbc1,0xe554c775a9904f05e78960f753ae4d149061a71644cc5365a72d0dfb48ad4797,
11318479,29-10-18 12:56:51,ETH,COMPLETED,700,0,0xac7de85b614656f76e87287de072f95aedb7bbc1,0x766f53aae876db32c9eeaeedd60be5c7d84e803267c28ea7ce4a71b0ab91b4e3,
11013400,16-09-18 19:55:48,ETH,COMPLETED,-999.9982,-0.0018,0x053F61455b7147C260Ecc591D733c5A9D2269Bd4,0x02a971b5564ff5e0b81cd88d3265a7589923e18adaf98e4d1c0a8fa7f7510d70,
11013393,16-09-18 19:48:13,ETH,CANCELED,-1499.9982,-0.0018,0x053F61455b7147C260Ecc591D733c5A9D2269Bd4,,
10906639,01-09-18 15:47:35,ETH,COMPLETED,885,0,0xac7de85b614656f76e87287de072f95aedb7bbc1,0x6129c19c8e1d95efa761265cfa1c4776f4e7ef06c55107891b0b793ec2c7de23,
10675846,03-08-18 15:24:25,ETH,COMPLETED,-249.9973,-0.0027,0x2fcdEf09932B7087e9470934C55B69eD3B13a041,0xaa9d5b6367e86e7bba9ec7aa937b815448f4c51d4ba5b84889deb0306fee6b09,
10675039,03-08-18 13:11:59,ETH,CANCELED,-249.9973,-0.0027,0x2fcdEf09932B7087e9470934C55B69eD3B13a041,,
10674817,03-08-18 12:32:38,ETH,COMPLETED,1000,0,0xac7de85b614656f76e87287de072f95aedb7bbc1,0x68e4e2b95618f2922ea5e03276ac2977fefce3eb94bf2e4ac9763f522ae655dc,
10613627,26-07-18 07:26:29,ETH,COMPLETED,-599.9973,-0.0027,0x2fcdEf09932B7087e9470934C55B69eD3B13a041,0xa763462093b1c811f40809cb71a7443efae15ebedcaaeba0b0d3dc6f9ba9d7fb,
10613586,26-07-18 07:06:41,ETH,COMPLETED,600,0,0xac7de85b614656f76e87287de072f95aedb7bbc1,0x4195f2eec63874b64700fbf1f418d6af27511ee09a4d048a3d271e1f78574c0e,
10558806,19-07-18 12:11:35,ETH,COMPLETED,150,0,0xac7de85b614656f76e87287de072f95aedb7bbc1,0x722b837af9276d054289de773dcda3dd185f1b25928087e2dfeaa18aa2930870,
10486904,10-07-18 11:58:23,ETH,COMPLETED,-9.9973,-0.0027,0x4E6f50e4193a857Bb1F43e98a27cb0681B803C46,0x1cc68a31ce66111c499516b3ccc0c19854f4efe00898252d4e6d734f71b6d1e1,
10486611,10-07-18 10:51:13,ETH,COMPLETED,500,0,0xac7de85b614656f76e87287de072f95aedb7bbc1,0x70a7c9dd9135aab4e56235d0f689c0e7a99c41dbd6f8cc0ec1336d92e98510f1,
10441640,04-07-18 14:23:06,BAT,COMPLETED,-311313.69041475,-10.806,0x2fcdEf09932B7087e9470934C55B69eD3B13a041,0x5455ff867b93f600691b93755286615dd52be06d7068ea040f89c16e3d8dd224,
10414214,01-07-18 00:10:06,BAT,COMPLETED,-1995.4487,-4.5513,0x2fcdEf09932B7087e9470934C55B69eD3B13a041,0xd5a7cf90c2a34cbae4aa9d101d423941068a74b32e95770ab4f99276f2a231b3,
10414201,01-07-18 00:09:10,ETH,COMPLETED,-252.44881955,-0.0027,0x2fcdEf09932B7087e9470934C55B69eD3B13a041,0x921f88bcf2e3688b81e628a5be1b0c15a8bbc790c192241fb3637e9c53f15f76,
10328903,21-06-18 06:39:14,ETH,COMPLETED,500,0,0xac7de85b614656f76e87287de072f95aedb7bbc1,0x0f70dbfe957dd7c06d4079c31313a2960664fce6ae7140752c04ee7705478d37,
10310498,19-06-18 08:00:15,ETH,COMPLETED,-640.83115418,-0.0027,0x2fcdEf09932B7087e9470934C55B69eD3B13a041,0x9168f0973dec46afa0a04761192d1851cdb507a60c328128882f344d714a9a1f,
10229372,10-06-18 10:25:43,ETH,COMPLETED,550,0,0xac7de85b614656f76e87287de072f95aedb7bbc1,0x9c696f0979b5cbe70b19d755a91429da81f2b8eafb6d15c8235289d4947cbd0f,
10215356,08-06-18 15:41:45,ETH,COMPLETED,-566.62597933,-0.0027,0x2fcdEf09932B7087e9470934C55B69eD3B13a041,0xc8b2a79712d94e688faab14b160344061b3cf282b733cb2ccde9c1b0faf7d918,
10168504,03-06-18 13:11:17,ETH,COMPLETED,-299.9973,-0.0027,0x2fcdEf09932B7087e9470934C55B69eD3B13a041,0x38a37560834acb5d80ae829f235c0c0db54668e18d8fd7dc92263d087cf7d916,
10110649,29-05-18 02:13:45,ETH,COMPLETED,-299.9973,-0.0027,0x2fcdEf09932B7087e9470934C55B69eD3B13a041,0xc1c871dc35b15f6380d14ed549331f21fcda0971153b7721c1b654d2a4788707,
10110578,29-05-18 01:01:44,ETH,COMPLETED,300,0,0xac7de85b614656f76e87287de072f95aedb7bbc1,0x3c30cc624d040f1efb8a8e7c7f49874668d4dab6a014d8cff9079494393c27b7,
10110095,28-05-18 23:47:44,ETH,COMPLETED,300,0,0xac7de85b614656f76e87287de072f95aedb7bbc1,0xe580a58391606075f9f9ed1a875130c16b2cbed7da223fdf60c349a1a0d124c9,
9888578,09-05-18 14:16:01,RDN,COMPLETED,-68472.52511065,-0.85897,0x2fcdEf09932B7087e9470934C55B69eD3B13a041,0x6aff8ee4fe83e8c91c6eaa143441fddc756afdf9a479f4a2a5a4ba5cbf5fb994,no trade done
9888443,09-05-18 13:53:02,RDN,COMPLETED,68473.38408065,0,0x1e26613d10badb7cd05691f09e9b3614565a5939,0x3731ba12a1cc6cc40998737cfac8800bb2509d690648631ba28726a3dcacce89,
9728084,27-04-18 10:37:54,ETH,COMPLETED,700,0,0xac7de85b614656f76e87287de072f95aedb7bbc1,0x149a6bcc8801a86a6c87737dda07888c4d48ce5aea55fce7f164f9d89171706d,
9721509,26-04-18 20:57:20,ETH,COMPLETED,-699.9973,-0.0027,0x053F61455b7147C260Ecc591D733c5A9D2269Bd4,0x1a54947839874018e884f9e607b49086cd0e31b9e1f9f09be8fc26b3b357f476,
9712707,26-04-18 06:38:11,ETH,COMPLETED,700,0,0xac7de85b614656f76e87287de072f95aedb7bbc1,0x0f1233ddd510fa0be79a35c4110c7a509add710b78987d77ba02e2fbc1e6edcd,
9683479,24-04-18 11:39:32,ETH,COMPLETED,-443.76654002,-0.0027,0x2fcdEf09932B7087e9470934C55B69eD3B13a041,0x691b894e3e503dbd0970b975c09096de90ee32496c1ad9b26b8c7a0dca166f6b,about -150 eth in bad btc short
9601081,17-04-18 12:08:09,ETH,COMPLETED,-99.9973,-0.0027,0x2fcdEf09932B7087e9470934C55B69eD3B13a041,0xee31ada089139f777cfeb767039ec4d85482f53665dc2c8551194acacce1b997,
9600973,17-04-18 09:57:03,ETH,CANCELED,-99.9973,-0.0027,0xa93C1Ba7441B0baB29FA46D74319d1866217d641,,
9532812,11-04-18 17:50:29,ETH,COMPLETED,-10.0973,-0.0027,0xf871d4e841AE5256A227CA5378e482C982BA2d0B,0x39fcf1bb4ec36c56cbaf26b0c1542e7833c407f01bc7ab1c8abd3c5c728a2fa0,
9416277,30-03-18 12:31:20,ETH,COMPLETED,600,0,0xac7de85b614656f76e87287de072f95aedb7bbc1,0xfbe665777a4bcef139a43f1f109ba907e71169ebaad1ab29faf53a69ecf9f136,
9362292,25-03-18 20:42:33,ETH,COMPLETED,-884.31849719,-0.0027,0x2fcdEf09932B7087e9470934C55B69eD3B13a041,0xae8d1226fb70a039d4cebb6dd0b7624962685c7b80dc243ecf99431a57ce66f0,
9237246,14-03-18 14:44:22,ETH,COMPLETED,600,0,0xac7de85b614656f76e87287de072f95aedb7bbc1,0xe1bfb3e7645ee6439910086972de53168d0b8679cda5272d0c7e01cc89c86c50,
9208300,11-03-18 22:20:25,ZRX,COMPLETED,-103497.35408482,-2.8032,0x2fcdEf09932B7087e9470934C55B69eD3B13a041,0xc241279c0cc65c943a21fe2b8deb8c4f20cf2456838124bdb0ad450c8c597177,
9208234,11-03-18 22:07:51,ZRX,CANCELED,-103497.35408482,-2.8032,0x2fcdEf09932B7087e9470934C55B69eD3B13a041,,
9208231,11-03-18 22:06:23,REP,COMPLETED,-954.40565263,-0.052294,0x2fcdEf09932B7087e9470934C55B69eD3B13a041,0x7cfe85b2f82deaf43c8291de372e4ea0f77fa89fe1f7271bb1c308dedb9db3cb,
9208064,11-03-18 21:40:22,ETH,COMPLETED,150,0,0xac7de85b614656f76e87287de072f95aedb7bbc1,0xa8056808dc049e60d5b91ba8a375b43bb3bab61191087a49c7d789e35892b70b,
9150302,07-03-18 07:48:13,ETH,COMPLETED,-538.25702077,-0.0027,0x2fcdEf09932B7087e9470934C55B69eD3B13a041,0x7708f5d59ed3cd4ae0987bbbae12fe228ba45c2c740bfa25059969c8f22f6358,
9140017,06-03-18 11:56:10,ETH,COMPLETED,600,0,0xac7de85b614656f76e87287de072f95aedb7bbc1,0xbacca014b8f852cd6aede7022f3cce560f1e0e794f60ff61ecd8834eb9a34a98,
9117443,04-03-18 20:31:11,ETH,COMPLETED,-564.42454991,-0.0027,0x2fcdEf09932B7087e9470934C55B69eD3B13a041,0xc47de30cf9b5f998afc80668ea3c00bc11b33e2cb0c67689f2d8ae5ace483dc2,
9047995,27-02-18 11:08:02,ETH,COMPLETED,400,0,0xac7de85b614656f76e87287de072f95aedb7bbc1,0x98fa279d778e414dc9857a33d569ef7406be447473647ab8eb8b1362e23d358d,
8984087,22-02-18 10:24:36,ETH,COMPLETED,500,0,0xac7de85b614656f76e87287de072f95aedb7bbc1,0xb8cddd8bfa32148947fac25b8ceb0c8d0eeff9c6c44af2e82dfbddb41d801b6a,
8982543,22-02-18 07:58:43,ETH,COMPLETED,-385.01206005,-0.0027,0x053F61455b7147C260Ecc591D733c5A9D2269Bd4,0x3eccf9ab7f5cb02e78e6fbc010db7b0eb270facea193879155937439acd3876e,
8873026,14-02-18 22:31:45,ETH,COMPLETED,500,0,0xac7de85b614656f76e87287de072f95aedb7bbc1,0x5ee4f9be051349fc52ccda74f6d04eda86db20b752c68560bd101984638635e6,
8586641,31-01-18 16:12:07,ETH,COMPLETED,-944.08168085,-0.0027,0x2fcdEf09932B7087e9470934C55B69eD3B13a041,0x720cb7c75b130495cab71a190834c0fecb672670b86022560048f8b505da683e,
8052303,11-01-18 05:09:23,ETH,COMPLETED,-99.99,-0.01,0x2fcdEf09932B7087e9470934C55B69eD3B13a041,0x63f42d6ba4cd9dcb9b220c1790255ee98d852b566797b722989bcb61b762fbb3,
7109948,19-12-17 03:17:55,ETH,COMPLETED,-99.99,-0.01,0x2fcdEf09932B7087e9470934C55B69eD3B13a041,0xfae2c4f18811f12c9b0ff8db0a4ec7159583a61e67f6c60296876dd1d4ddae14,
6953160,15-12-17 23:24:18,ETH,COMPLETED,-59.99,-0.01,0x2fcdEf09932B7087e9470934C55B69eD3B13a041,0x0f2426fa204affb14636a171be8230674ff4979f067fcd3b4c1eefe8419d5d48,
6751642,13-12-17 02:08:03,ETH,COMPLETED,-149.99,-0.01,0x2fcdEf09932B7087e9470934C55B69eD3B13a041,0xf15bafdafd131fca57a8bb3e2cb369b127e926d75f40a372158acabc1e98ed3f,
6450367,09-12-17 20:50:33,ETH,COMPLETED,-0.99,-0.01,0xd5a6326cFa39c433C84FD5873744f3ebB5A01dBB,0x44ed4ea1313c7053e8da8f15f52caece3a63bb088a21333adcec1ada3056d7fe,
5925324,02-12-17 00:51:40,ETH,COMPLETED,-149.99,-0.01,0x2fcdEf09932B7087e9470934C55B69eD3B13a041,0x6eb6c7bb8170e89942d45694f917b83cf599bf89347461ed578338bebab999ec,
5857415,30-11-17 14:16:58,ETH,COMPLETED,200,0,0xac7de85b614656f76e87287de072f95aedb7bbc1,0x8b125121e0de53be9566babd065ecdbc2763168119c8706f6c100297c91e5006,
5818069,29-11-17 19:52:28,ETH,COMPLETED,100,0,0xac7de85b614656f76e87287de072f95aedb7bbc1,0xfc4bfc1e8898ee7489e3173749792b3b0c3b20803e1ceaa75a73e4f1259503ad,
5801002,29-11-17 14:03:42,ETH,COMPLETED,-99.99,-0.01,0x2fcdEf09932B7087e9470934C55B69eD3B13a041,0xdf8c68781a87fbca049dc56239bbe185f36cc7eb316692d3e93889b70a37ee58,
5579128,24-11-17 16:40:32,ETH,COMPLETED,-124.99,-0.01,0x2fcdEf09932B7087e9470934C55B69eD3B13a041,0x375b2bdc2bde3927a8273a416421f3db2f59acfd6217ee8c0096c26491b5b401,
5341481,18-11-17 21:23:00,ETH,COMPLETED,600,0,0xac7de85b614656f76e87287de072f95aedb7bbc1,0x0392622f062a2d60126ce2475f8f6fb175e7ae3353e16279af6f49299e72c175,
5271021,16-11-17 23:14:20,ETH,COMPLETED,-592.99,-0.01,0x2fcdEf09932B7087e9470934C55B69eD3B13a041,0xfadb28a8dd98c0d6fa551928bb99103557645d4b96823fd7ac9758dc2b786f49,
4975543,09-11-17 08:37:03,ETH,COMPLETED,700,0,0xac7de85b614656f76e87287de072f95aedb7bbc1,0x7e5b69b0ba66b73574f407c71d64fd6808c536829b8292d3fe9ebede4023c7d2,
4779618,02-11-17 13:07:11,BTC,COMPLETED,-0.08059748,-0.0005,3LhCE8fG9rsnM3SryDEhCHzFTrNt2oC7bT,efce1b63ced23b617bf8f194da1d8a41bd908b73c7524eb293786908a48030b3,
4779209,02-11-17 12:49:15,ETH,COMPLETED,2,0,0x1e26613d10badb7cd05691f09e9b3614565a5939,0xa6afec9389c7dcbb94b21168b311002b8ea2691b08f1252d8c8dd15cf2ea6944,
4481151,21-10-17 17:35:46,ETH,COMPLETED,-1008.1525268,-0.01,0x2fcdEf09932B7087e9470934C55B69eD3B13a041,0x26ae4358f1fc311ccc745c1a8e2b218e91785449843954ac3e1db90eb021f2dc,
4145085,07-10-17 17:26:49,ETH,COMPLETED,-99.99,-0.01,0x2fcdEf09932B7087e9470934C55B69eD3B13a041,0xfb1db6be7f6905f4412b03c56cf93610d826d9a93025f84dbc760e9f0c0cff97,
3924002,25-09-17 12:09:26,ETH,COMPLETED,700,0,0xac7de85b614656f76e87287de072f95aedb7bbc1,0xcbf4898a7e0930bb167fd1536014cf3935fca9138e5c5d992e6092c70bd95e8b,
3923138,25-09-17 11:16:38,ETH,COMPLETED,-506.42495998,-0.01,0x2fcdEf09932B7087e9470934C55B69eD3B13a041,0x05d3747464e2c92e6f11c9e10739700a1fe557c32632b4d514bdddedf5017698,
3634601,11-09-17 14:41:42,ETH,COMPLETED,-230.63283239,-0.01,0x2fcdEf09932B7087e9470934C55B69eD3B13a041,0xb8ead145344ecb1a084665c71e2c53bfa569633d8143738d32170aa58a591221,
3634572,11-09-17 12:32:43,ETH,CANCELED,-230.63283239,-0.01,0x62a50564D30D4B8f5a795ba6Bd9fC9431E7fa0Ff,,
3481836,05-09-17 05:57:12,ETH,COMPLETED,100,0,0xac7de85b614656f76e87287de072f95aedb7bbc1,0x48afc082f4a1d26262d0bc8d16ce75ea8226fed3a9fd05c6bad5027df50b7d79,
3308875,29-08-17 07:12:00,ETH,COMPLETED,-74.99,-0.01,0x2fcdEf09932B7087e9470934C55B69eD3B13a041,0x38031a50c3effb3c3655367a44ae42466e1baff38a8faed911020ba01790f2f5,
2743944,03-08-17 22:27:49,ETH,COMPLETED,480,0,0xac7de85b614656f76e87287de072f95aedb7bbc1,0x87e97dc160965ecd4a4252e8a155cd642e61541c8dbb6b5c600e2b641d661771,
2658506,28-07-17 21:08:18,ETH,COMPLETED,20,0,0x1e26613d10badb7cd05691f09e9b3614565a5939,0xd645abde1fd45afbdf70131de7abac90d58c983a78df75d832daa624b59f9e8c,
2633317,26-07-17 20:47:04,ETH,COMPLETED,-541.99265266,-0.01,0x2fcdEf09932B7087e9470934C55B69eD3B13a041,0x90167f4d8e3e598e4f1cbe92436d93d3f17df100e4a2ebc62ac69fef43bc14c7,
2565552,20-07-17 12:58:52,ETH,COMPLETED,-199.99,-0.01,0x2fcdEf09932B7087e9470934C55B69eD3B13a041,0xb6dc8ccbd79583e425099408c0f260eb0a68ab7f8b9864a1f4f068a74f99d274,
2550836,19-07-17 07:41:56,BTC,COMPLETED,-0.10098682,-0.0004,14WNvk2ujHBc6g2fooTbk56SWE4vyzyvHZ,62c8389701df931c3bca04e6ae4431bf844a4dc41e2991876af94d2fdb8e9d2e,
2537815,18-07-17 13:57:26,ETH,COMPLETED,-199.99,-0.01,0x2fcdEf09932B7087e9470934C55B69eD3B13a041,0x813e87efd1e5c97c871fa5b70748a0740d05ea8445663861da5034f93e689312,
2520714,17-07-17 07:11:48,ETH,COMPLETED,-299.99,-0.01,0x2fcdEf09932B7087e9470934C55B69eD3B13a041,0x13f9a04332f4b2a857e002da631663d86b8cf9f02bc6f0b7fdbeab0bada5b3df,
2508985,16-07-17 11:15:00,ETH,COMPLETED,300,0,0xac7de85b614656f76e87287de072f95aedb7bbc1,0x249914725b6b29f4d0fe4ab32ecec251b9330825a3c93300ace31fa6ce6a102c,
2507015,16-07-17 08:12:01,ETH,COMPLETED,300,0,0xac7de85b614656f76e87287de072f95aedb7bbc1,0x23422194beadb5d73330a732501a666c1bfcab13d0157d3bd7c81f38b4957b47,
2493784,15-07-17 07:36:10,ETH,COMPLETED,300,0,0xac7de85b614656f76e87287de072f95aedb7bbc1,0x543da8001a34bda4a62ea6214779c05467bdffd3cbd87fdeebbc7de9a0f979b4,
2493708,15-07-17 07:17:49,BTC,COMPLETED,-0.0891705,-0.0004,1DQuYeBmbkLHKTn5q1VWiVQGaNJEVJsj2D,cdaf0beb0c7aa8e4ff88d38cec71bd5b00371d2effcee7c26314c94fc2868cd4,
2473699,13-07-17 14:50:31,ETH,COMPLETED,300,0,0xac7de85b614656f76e87287de072f95aedb7bbc1,0x6ea2e40eb20adb1da53074a851d1ea496b77298ec10804a98e821b65f2e07067,
2387186,05-07-17 19:30:09,ETH,COMPLETED,-409.66378776,-0.01,0x7a154B9497a098564593319a0129FD9dA7d022D9,0x6af9f336591ee569c9c6b56a88733d3ede3a01972d477ebb90f3eb55ae623795,
2387143,05-07-17 18:51:50,ETH,CANCELED,-246.72503964,-0.01,0xFe2ACd105c345B267e249ffD7A2866b994E41746,,
2313326,28-06-17 21:08:29,ETH,COMPLETED,-989.22481444,-0.01,0x2fcdEf09932B7087e9470934C55B69eD3B13a041,0x2294c2cc00eedfbbbcea1cd9944af58b159ab3cf56fdf56844bf08fc8568c060,
2252353,22-06-17 06:17:47,ETH,COMPLETED,700,0,0x1e26613d10badb7cd05691f09e9b3614565a5939,0xb2107fec619f35f8b19ecd0e7d4e8180432f58ed59a57b3ad5b1f833c8a68ed8,
2230755,19-06-17 20:11:16,ETH,COMPLETED,-663.66701993,-0.005,0x2fcdEf09932B7087e9470934C55B69eD3B13a041,0xc9044126d9956f21c0224adee62f695b85f3a732c6108b261bd94c54e1320881,
2229620,19-06-17 17:21:17,ETH,COMPLETED,-112.77941487,-0.005,0xCde78fa46Ff1833De11a873a5E75A02EfDf46627,0x8abedd17aa773486c4e08ceb4e6df7ea7f8fb6931dfd91469de3da2a3ef42f2d,
2229598,19-06-17 17:09:15,ETH,COMPLETED,700,0,0xac7de85b614656f76e87287de072f95aedb7bbc1,0x414ec5950d328d110d7a75eed707735a0d6775aa87309cb99ae64525d576d501,
2222144,18-06-17 20:55:17,ETH,COMPLETED,-787.52882466,-0.005,0x2fcdEf09932B7087e9470934C55B69eD3B13a041,0xd1350e4a69a875474888147ddf26855ec6fe561dfb8472f86b60c7a600833e30,
2208421,17-06-17 06:51:17,ETH,COMPLETED,-399.995,-0.005,0x2fcdEf09932B7087e9470934C55B69eD3B13a041,0x489dd2c8a80e0600a54f80ae15ced5b8d143f52f93c58a35299dc4b5d4495f2a,
2187370,15-06-17 13:21:15,ETH,COMPLETED,500,0,0xac7de85b614656f76e87287de072f95aedb7bbc1,0x43476b64c10f7f82c4c5a4d2303dab530cf9a5d21af06cc3e3ec97c034ab13f2,
2183709,15-06-17 06:33:12,ETH,COMPLETED,700,0,0xac7de85b614656f76e87287de072f95aedb7bbc1,0x37aece541535a7c78b7f629393a54c9293849f00b73c6624a1d13db1a8e5b4bd,
2124313,09-06-17 17:01:53,ETH,COMPLETED,-130.33926995,-0.005,0x40dD66720EaaEdaF578E7F0d6E45D7d249B7a9E6,0xd83324a44a448ce2b4c2be21ec4721b5e44af7770b74efbdb76327a512f1b3c2,
2111903,07-06-17 06:47:05,BTC,COMPLETED,-0.08972,-0.0001,1MVgNEUtTmC1fUodKs3dMhwP9udgN5ryzb,74de3d9e065143b141b93e608c12c1bad8e1a45c73a450f82f10eb7daacd8203,
2111913,07-06-17 06:12:42,ETH,COMPLETED,-687.83800221,-0.005,0x2fcdEf09932B7087e9470934C55B69eD3B13a041,0x943db8b0d726c6ceb8f97d59bf0c2f05e040bdf697e61b1a5cbec53b53a2844e,
2057334,28-05-17 07:21:22,ETH,COMPLETED,556,0,0xac7de85b614656f76e87287de072f95aedb7bbc1,0x2b6d0d53681702eea2ac1e670729593744918a077358d072661de7dce959742b,
2047733,26-05-17 19:26:26,ETH,COMPLETED,-122.14776283,0,0x2fcdEf09932B7087e9470934C55B69eD3B13a041,0x452960f3763fdc8816703b9ae80d5312a55100fe10d4549e4cdb5433e27bfb80,
2029955,24-05-17 12:10:52,BTC,COMPLETED,10.17413877,0,19kzQp8oCemBm4fs7wtQfTwXL9BtbeJRi4,8d0b663a49c3c315e4d324a6e96758d4c1200c34793421914180938ac00e05cc,
2023985,23-05-17 12:29:20,ETH,COMPLETED,-317.57568955,0,0xCde78fa46Ff1833De11a873a5E75A02EfDf46627,0x41f5d8aed44dfe539138774defff7df4f3c3ba53296aa2e54cbe59a0ef6b3a00,
2022660,23-05-17 06:51:22,ETH,COMPLETED,-149.7019793,0,0xCde78fa46Ff1833De11a873a5E75A02EfDf46627,0x0454eb2d9e4d5d44bb1de52bc53b32e699dc432ce950e9cf23e99d9e86a9a738,
2019649,22-05-17 18:51:20,ETH,COMPLETED,-436.64985415,0,0x2fcdEf09932B7087e9470934C55B69eD3B13a041,0x3f6da4f2b2f975848475aaf3633ccfc253f74e8d6cce7a77dbe33d9d6f359a68,
1978548,12-05-17 08:25:22,ETH,COMPLETED,392,0,0x1e26613d10badb7cd05691f09e9b3614565a5939,0xe0ff3d1440b608b49b9cb31a926d18300b096a6294926f339b1f3330ca27a66c,
1976406,11-05-17 17:34:28,ETH,COMPLETED,-57,0,0xCde78fa46Ff1833De11a873a5E75A02EfDf46627,0x93d1624b0a01ce8718c1a854f09fca3793186e612b0fa9cca4c4aa0292e8ecf3,
1976379,11-05-17 17:33:28,ETH,COMPLETED,-1000,0,0x2fcdEf09932B7087e9470934C55B69eD3B13a041,0xe821fe19516e4e1977ee2163bec1990753bdea60ec7db6dba830751536c9e15c,
1909075,26-04-17 20:02:24,ETH,COMPLETED,-200,0,0x2fcdEf09932B7087e9470934C55B69eD3B13a041,0x8e461fcb61ae23a9f949c6e7cb4f5035f42ebfce414c1b0031aa3a7c5f4de7d2,
1874934,18-04-17 05:29:48,ETH,COMPLETED,-200,0,0x2fcdEf09932B7087e9470934C55B69eD3B13a041,0x83a4e9ba4924ceb35cc556e04f22ebafdf545bafe83e93c5b8a621981e4e0092,
1764721,20-03-17 07:38:24,ETH,COMPLETED,-490.72736766,0,0x2fcdEf09932B7087e9470934C55B69eD3B13a041,0xbdde7c2062cae6387a92d27e3bebbfc43b79c80da0e1d8f9f6259da339f754df,
1764657,20-03-17 07:03:00,BTC,COMPLETED,0.97784193,0,19kzQp8oCemBm4fs7wtQfTwXL9BtbeJRi4,8370831f04c2f8ff50424a5188b7dee5d34d995524ea69e3bbec2a1453dd8b70,
1759598,18-03-17 23:59:16,ETH,COMPLETED,500,0,0xac7de85b614656f76e87287de072f95aedb7bbc1,0x1392c27c730a9dfc9fa082dad98532d029018cd90517379df69bfb4e2f574237,
1759539,18-03-17 23:47:41,ETH,COMPLETED,198,0,0xac7de85b614656f76e87287de072f95aedb7bbc1,0x152ca46d88dda3960a499955cc698adf33132286b40a52d858949c63045417c0,
1753990,17-03-17 21:49:50,ETH,COMPLETED,800,0,0xac7de85b614656f76e87287de072f95aedb7bbc1,0xbb630c76573a27bf9d449e82ae29502f073c6ba38d8cafb43a03eaa6869ac1fc,
1751842,17-03-17 12:20:34,BTC,COMPLETED,-12.1,0,1Hkj7w19LdWMLb4wjWT5KZMRKxMrzDdVKM,14ebd68882661342fdefb5aa9cca64bceb108c244a23dfbc48ec294ae190e8f8,
1751850,17-03-17 12:20:34,BTC,COMPLETED,-7.56281973,0,1MhhJYD2BeJcbYdR4i5bw2md28c9kdieT8,14ebd68882661342fdefb5aa9cca64bceb108c244a23dfbc48ec294ae190e8f8,
1751824,17-03-17 12:06:15,BTC,CANCELED,-19.66281973,0,1Hkj7w19LdWMLb4wjWT5KZMRKxMrzDdVKM,,
1744652,16-03-17 05:10:16,ETH,COMPLETED,-800.0159753,0,0x2fcdEf09932B7087e9470934C55B69eD3B13a041,0xecfed39ea2b54c410c3220e332d16127d083c470db6e50ea28a31012bff76e1c,
1722232,09-03-17 07:15:08,BTC,COMPLETED,-0.68738703,0,18FoNaiH6dZfhr1JY1jnkFKd23dsjDePiw,7fa765be4e33fc5cbb26807a02f612c492b2a55ace3be192bb833336fbcfdfdc,
1717041,07-03-17 13:30:09,BTC,COMPLETED,-0.01497,0,1D7rHQUwkaG8fw5qiwQ45RWcHJpmK89yaC,e1f3059b81c2d6e33337d356b4fd29b16fd1d8369c3c5dfa5d1548b6fc6e5624,
1716984,07-03-17 13:21:27,ETH,COMPLETED,769,0,0xac7de85b614656f76e87287de072f95aedb7bbc1,0x1a1f6026bf7217b62503a79d5ab7a8d8062afc81471710d811c7ea5b84f66937,
1716985,07-03-17 13:21:27,ETH,COMPLETED,9,0,0xac7de85b614656f76e87287de072f95aedb7bbc1,0xda71e3ce899f358dbedacac03d0baeadbc859e9853520517e792c9e05c3ee622,
1715510,06-03-17 22:32:01,ETH,COMPLETED,-776.52319427,0,0x2fcdEf09932B7087e9470934C55B69eD3B13a041,0xab0e068ed8b71a2adf12d80925b813fb2d38e52dc4549f632284dee83f9ed568,
1714874,06-03-17 15:56:15,ETH,COMPLETED,401,0,0xac7de85b614656f76e87287de072f95aedb7bbc1,0x14635abe198856ea0c866ac061b9079ce7c7f3c468f6baf57238b94153f71c6a,
1708098,03-03-17 20:37:09,ETH,COMPLETED,400,0,0xac7de85b614656f76e87287de072f95aedb7bbc1,0xfd94208e0e99423525137622a07cf8141589785f0d32c0cfb0ada5a2768d9d77,
1702279,02-03-17 00:18:10,ETH,COMPLETED,-992.70989003,0,0x2fcdEf09932B7087e9470934C55B69eD3B13a041,0x49bbc146e6a483b7570cb99cdf1e5b35ce2d2985e662d76a3ebb1039b1703f07,
1700791,01-03-17 15:28:40,ETH,COMPLETED,-1,0,0x2fcdEf09932B7087e9470934C55B69eD3B13a041,0xcd7564226d2564e37ad519e88d587843812bff3b14def5eaa7543dff8f014131,
1333179,24-02-17 18:56:35,BTC,COMPLETED,-10.85942723,-0.00021185,1Hkj7w19LdWMLb4wjWT5KZMRKxMrzDdVKM,e5e3537cea85bf8439d00488666a99c5f7050e1a78e58b0575b70953db69256d,
1675229,17-02-17 16:52:13,ETH,COMPLETED,807.22051636,0,0xac7de85b614656f76e87287de072f95aedb7bbc1,0xa94344f5e0e43536d6db66d16df3a3ff479c80937302172bf685bc95d9629684,
1293155,12-08-16 11:21:22,ETH,COMPLETED,-1537.48746011,0,0x4c96F507fE15D4B0102e695285D1342D1434c3EF,0x7c61fd45879c02d402fbc590b81f9cf04099fc119b51c0bef309d14408554a9c,
1293181,12-08-16 09:59:35,BTC,COMPLETED,-2.82351773,0,16eZRQryjsC3RSuk55v2V2NFTu2ZKSE27r,c92d9a1df84f81d451e9e64ab5798f1d75aa31df6ce874a250adf3d7608f651a,
1291537,12-08-16 07:18:35,ETH,COMPLETED,-500,0,0x4c96F507fE15D4B0102e695285D1342D1434c3EF,0x1f740a944f98baaa467647781322f186177f044865c5cda000ecf927d523e592,
1291515,11-08-16 20:39:16,ETH,COMPLETED,-1,0,0x4c96F507fE15D4B0102e695285D1342D1434c3EF,0x284027b2d8a1aa1ab548169c172221f5f2c26934a596112d8838a71fa4739dd1,
1256444,30-07-16 12:44:10,BTC,COMPLETED,-20,0.00026859,1Hkj7w19LdWMLb4wjWT5KZMRKxMrzDdVKM,d3e99d154f96dab0ce0799dbcb9508e184093668c777607685d8c935cd7a803b,
1256364,30-07-16 11:46:37,ETH,COMPLETED,1007.99,0,0xf6d9562337fd79841b59565707c09efaea8afaa4,0x5873117aa42ec0512f61a882fd96f1c07d287575ca32fab2619f9e59a259d907,
1256298,30-07-16 11:03:10,BTC,COMPLETED,-20,0.0002991,1Hkj7w19LdWMLb4wjWT5KZMRKxMrzDdVKM,80adcedd11a478de30b0c864902195ef4696143f2109c3ccf7ef7e9382775ffe,
1250198,28-07-16 15:08:42,ETH,COMPLETED,1389.99,0,0xf6d9562337fd79841b59565707c09efaea8afaa4,0x8333cfff44b008a8dc93bfe426c28108814e45f3d2f0e9c091308a7966895880,
1250164,28-07-16 15:08:37,ETH,COMPLETED,9.99,0,0xf6d9562337fd79841b59565707c09efaea8afaa4,0x6179f117171ba25608412c4cb548986515b7507ff0e65eda7dac4d71891fad22,
1179678,06-07-16 11:46:36,BTC,COMPLETED,29,0,3ETvVEw8PqGbkangtD8rcpyGQXvCHs6u15,f71c65517869e98d69d3650a414bdca28e57ce0d543f6e0b512fa4375107562b,
1179596,06-07-16 11:31:51,BTC,COMPLETED,35.9999,0,3ETvVEw8PqGbkangtD8rcpyGQXvCHs6u15,8a81f35e192097946b75df42bf402df87c244affc1009f784b66cc5c6883f009,
1179362,06-07-16 09:47:34,BTC,COMPLETED,0.9999,0,3ETvVEw8PqGbkangtD8rcpyGQXvCHs6u15,0e52d6ed93a6a6780a674bbbe4af6655a59dbfe0286323f531098759602c0331,
